,Country Name,Country Code,Indicator Name,Indicator Code,2000,2001,2002,2003,2004,2005,2006,2007,2008,2009,2010,2011,2012,2013,2014,2015,2016,2017,2018,2019
1,Africa Eastern and Southern,AFE,"Mortality rate, under-5 (per 1,000 live births)",SH.DYN.MORT,136.91781509999998,131.6704217,126.13908470000001,120.63599270000002,115.26363190000001,110.06005470000001,105.19618510000001,100.2763803,95.3952283,90.5982173,86.2085875,82.1051874,78.35422845,74.99159745,71.99684099,69.28894686,66.66761389999999,64.34702472,62.11538711,60.09865884
2,Afghanistan,AFG,"Mortality rate, under-5 (per 1,000 live births)",SH.DYN.MORT,128.7,124.6,120.4,116.3,112.1,107.9,103.7,99.5,95.4,91.4,87.6,83.9,80.3,76.8,73.6,70.4,67.6,64.9,62.5,60.3
3,Africa Western and Central,AFW,"Mortality rate, under-5 (per 1,000 live births)",SH.DYN.MORT,169.54843169999998,164.53382380000002,159.25194960000002,153.91628500000002,148.5773525,143.4173838,138.5026719,133.7694812,129.48833249999998,125.4504912,121.78327250000001,118.44269150000001,115.49879070000001,112.6679226,110.2644258,107.76570500000001,105.0555517,102.43067959999999,99.59878061,96.8142396
4,Angola,AGO,"Mortality rate, under-5 (per 1,000 live births)",SH.DYN.MORT,203.9,197.8,190.9,183.2,174.6,165.6,156.2,146.8,137.4,128.6,120.3,112.3,105.0,98.6,93.0,88.2,84.2,80.6,77.7,74.7
5,Albania,ALB,"Mortality rate, under-5 (per 1,000 live births)",SH.DYN.MORT,27.2,25.8,24.4,22.9,21.4,20.0,18.5,17.1,15.8,14.5,13.2,12.1,11.2,10.4,9.9,9.6,9.4,9.4,9.5,9.7
6,Andorra,AND,"Mortality rate, under-5 (per 1,000 live births)",SH.DYN.MORT,7.7,7.3,6.9,6.6,6.3,6.0,5.7,5.4,5.1,4.9,4.6,4.4,4.1,3.9,3.7,3.5,3.4,3.2,3.1,3.0
7,Arab World,ARB,"Mortality rate, under-5 (per 1,000 live births)",SH.DYN.MORT,60.07328476,58.21958305,56.37405353,54.60015583,52.84656094,51.15562655,49.44041226,47.68711439,45.91905109,44.21348946,42.67635229,41.35791038,40.26532631,39.25445241,38.32097727,37.5512591,36.75488354,35.9790097,35.35389557,34.668926299999995
8,United Arab Emirates,ARE,"Mortality rate, under-5 (per 1,000 live births)",SH.DYN.MORT,11.2,10.9,10.6,10.3,10.0,9.7,9.4,9.2,8.9,8.7,8.5,8.3,8.1,8.0,7.9,7.8,7.8,7.7,7.6,7.5
9,Argentina,ARG,"Mortality rate, under-5 (per 1,000 live births)",SH.DYN.MORT,19.6,19.0,18.3,17.7,17.1,16.5,16.1,15.7,15.3,14.9,14.4,13.9,13.3,12.7,12.1,11.5,10.9,10.3,9.8,9.3
10,Armenia,ARM,"Mortality rate, under-5 (per 1,000 live births)",SH.DYN.MORT,30.7,29.2,27.8,26.4,25.1,23.9,22.7,21.6,20.5,19.5,18.5,17.6,16.7,15.9,15.1,14.4,13.7,13.0,12.4,11.8
12,Antigua and Barbuda,ATG,"Mortality rate, under-5 (per 1,000 live births)",SH.DYN.MORT,15.5,15.1,14.6,14.1,13.5,12.9,12.3,11.7,11.1,10.6,10.0,9.5,9.0,8.5,8.1,7.8,7.4,7.1,6.9,6.6
13,Australia,AUS,"Mortality rate, under-5 (per 1,000 live births)",SH.DYN.MORT,6.2,6.1,6.0,5.9,5.8,5.7,5.6,5.4,5.2,5.0,4.8,4.5,4.3,4.1,4.0,3.9,3.8,3.7,3.7,3.6
14,Austria,AUT,"Mortality rate, under-5 (per 1,000 live births)",SH.DYN.MORT,5.5,5.4,5.3,5.2,5.1,4.9,4.8,4.6,4.5,4.4,4.3,4.2,4.1,3.9,3.8,3.7,3.6,3.6,3.5,3.5
15,Azerbaijan,AZE,"Mortality rate, under-5 (per 1,000 live births)",SH.DYN.MORT,74.6,69.5,64.6,60.0,55.9,52.2,48.9,45.8,42.9,40.1,37.4,35.0,32.6,30.4,28.3,26.3,24.6,23.0,21.6,20.4
16,Burundi,BDI,"Mortality rate, under-5 (per 1,000 live births)",SH.DYN.MORT,155.2,149.6,143.8,137.9,131.4,124.4,117.2,109.8,103.0,96.6,90.6,85.0,79.8,75.2,70.9,67.2,64.1,61.3,58.8,56.5
17,Belgium,BEL,"Mortality rate, under-5 (per 1,000 live births)",SH.DYN.MORT,5.8,5.6,5.4,5.2,5.1,4.9,4.8,4.7,4.6,4.6,4.5,4.4,4.3,4.2,4.1,3.9,3.8,3.7,3.5,3.4
18,Benin,BEN,"Mortality rate, under-5 (per 1,000 live births)",SH.DYN.MORT,138.8,135.4,132.1,128.8,125.7,122.8,120.1,117.6,115.3,113.0,110.8,108.6,106.3,104.0,101.8,99.6,97.4,95.1,92.8,90.3
19,Burkina Faso,BFA,"Mortality rate, under-5 (per 1,000 live births)",SH.DYN.MORT,179.2,175.1,170.7,165.6,159.8,153.4,146.6,139.7,133.2,127.2,121.7,116.9,112.5,108.3,104.4,100.7,97.0,93.9,90.7,87.5
20,Bangladesh,BGD,"Mortality rate, under-5 (per 1,000 live births)",SH.DYN.MORT,86.5,81.6,77.0,72.7,68.6,64.7,61.1,57.7,54.5,51.5,48.7,46.1,43.8,41.6,39.5,37.5,35.7,33.9,32.3,30.8
21,Bulgaria,BGR,"Mortality rate, under-5 (per 1,000 live births)",SH.DYN.MORT,17.4,16.7,16.0,15.2,14.2,13.3,12.4,11.8,11.4,11.1,10.9,10.4,9.9,9.2,8.6,8.1,7.7,7.4,7.0,6.7
22,Bahrain,BHR,"Mortality rate, under-5 (per 1,000 live births)",SH.DYN.MORT,12.5,12.0,11.6,11.3,11.0,10.6,10.2,9.8,9.3,8.9,8.5,8.2,8.0,7.8,7.7,7.6,7.4,7.3,7.1,6.9
23,"Bahamas, The",BHS,"Mortality rate, under-5 (per 1,000 live births)",SH.DYN.MORT,16.3,16.4,16.5,16.7,16.8,16.8,16.7,16.5,16.2,15.9,15.6,15.2,14.9,14.6,14.3,14.0,13.6,13.3,12.9,12.6
24,Bosnia and Herzegovina,BIH,"Mortality rate, under-5 (per 1,000 live births)",SH.DYN.MORT,9.9,9.6,9.3,9.2,9.0,8.9,8.6,8.3,7.9,7.5,7.2,6.9,6.7,6.5,6.4,6.3,6.2,6.1,6.0,5.9
25,Belarus,BLR,"Mortality rate, under-5 (per 1,000 live births)",SH.DYN.MORT,12.7,11.8,10.8,10.0,9.2,8.5,7.8,7.2,6.6,6.0,5.5,5.1,4.8,4.5,4.3,4.0,3.8,3.6,3.4,3.2
26,Belize,BLZ,"Mortality rate, under-5 (per 1,000 live births)",SH.DYN.MORT,23.6,22.8,22.2,21.7,21.3,20.9,20.6,20.2,19.9,19.4,18.9,18.3,17.7,16.9,16.1,15.3,14.5,13.7,13.0,12.3
28,Bolivia,BOL,"Mortality rate, under-5 (per 1,000 live births)",SH.DYN.MORT,75.5,71.2,67.1,63.2,59.5,56.0,52.7,49.5,46.6,43.9,41.3,38.9,36.7,34.6,32.7,31.0,29.5,28.2,27.0,26.0
29,Brazil,BRA,"Mortality rate, under-5 (per 1,000 live births)",SH.DYN.MORT,34.6,32.4,30.3,28.3,26.4,24.7,23.2,21.8,20.6,19.6,18.7,17.9,17.3,16.7,16.2,15.7,16.4,14.8,14.4,13.9
30,Barbados,BRB,"Mortality rate, under-5 (per 1,000 live births)",SH.DYN.MORT,15.1,15.3,15.5,15.7,15.7,15.7,15.6,15.5,15.3,15.1,15.0,14.9,14.7,14.5,14.3,14.0,13.7,13.4,13.0,12.7
31,Brunei Darussalam,BRN,"Mortality rate, under-5 (per 1,000 live births)",SH.DYN.MORT,10.3,10.0,9.8,9.7,9.6,9.5,9.5,9.5,9.5,9.6,9.7,9.8,10.0,10.2,10.4,10.6,10.8,11.0,11.2,11.4
32,Bhutan,BTN,"Mortality rate, under-5 (per 1,000 live births)",SH.DYN.MORT,77.1,72.8,68.8,64.8,61.1,57.4,53.9,50.7,47.6,44.8,42.2,39.9,37.9,36.1,34.6,33.1,31.8,30.6,29.6,28.5
33,Botswana,BWA,"Mortality rate, under-5 (per 1,000 live births)",SH.DYN.MORT,69.3,65.8,61.6,57.7,53.2,46.5,40.2,37.4,36.7,35.6,35.1,37.1,37.3,37.4,38.8,41.2,43.6,43.8,43.0,41.6
34,Central African Republic,CAF,"Mortality rate, under-5 (per 1,000 live births)",SH.DYN.MORT,169.8,168.4,167.0,165.6,164.2,162.6,160.4,157.9,155.0,151.4,147.6,143.4,139.4,135.8,131.4,126.7,121.6,117.5,114.2,110.1
35,Canada,CAN,"Mortality rate, under-5 (per 1,000 live births)",SH.DYN.MORT,6.2,6.2,6.1,6.1,6.1,6.1,6.0,5.9,5.8,5.7,5.6,5.6,5.5,5.4,5.4,5.3,5.2,5.1,5.0,4.9
36,Central Europe and the Baltics,CEB,"Mortality rate, under-5 (per 1,000 live births)",SH.DYN.MORT,12.194711300000002,11.62685874,11.22882419,10.86666951,10.42100388,9.910224153,9.294787485,8.704453583,8.160208002000001,7.6883551820000005,7.340765696,6.987830214,6.6508805010000005,6.326148622000001,6.003125161,5.704510493,5.47863357,5.271214525,5.0257522560000005,4.821004159
37,Switzerland,CHE,"Mortality rate, under-5 (per 1,000 live births)",SH.DYN.MORT,5.6,5.5,5.4,5.3,5.2,5.1,4.9,4.8,4.7,4.6,4.6,4.5,4.4,4.4,4.4,4.3,4.2,4.2,4.1,4.0
39,Chile,CHL,"Mortality rate, under-5 (per 1,000 live births)",SH.DYN.MORT,10.9,10.3,9.8,9.5,9.3,9.1,9.0,8.9,8.9,8.8,8.7,8.5,8.4,8.3,8.1,7.9,7.7,7.4,7.2,7.0
40,China,CHN,"Mortality rate, under-5 (per 1,000 live births)",SH.DYN.MORT,36.8,34.2,31.5,28.8,26.3,24.0,21.9,20.1,18.5,17.1,15.8,14.6,13.5,12.5,11.6,10.7,9.9,9.2,8.5,7.9
41,Cote d'Ivoire,CIV,"Mortality rate, under-5 (per 1,000 live births)",SH.DYN.MORT,142.3,139.1,135.9,132.5,129.0,125.3,121.7,118.1,114.2,110.0,106.4,103.2,100.2,96.9,93.6,90.6,88.0,85.3,82.4,79.3
42,Cameroon,CMR,"Mortality rate, under-5 (per 1,000 live births)",SH.DYN.MORT,143.4,140.5,137.2,133.7,130.3,127.2,124.1,120.9,117.6,114.3,110.1,105.9,101.7,97.2,92.9,88.5,84.5,80.8,77.5,74.8
43,"Congo, Dem. Rep.",COD,"Mortality rate, under-5 (per 1,000 live births)",SH.DYN.MORT,159.5,155.2,150.7,146.1,141.3,136.7,132.0,127.5,123.1,118.9,114.8,110.9,107.3,103.8,100.4,97.2,93.9,90.8,87.6,84.8
44,"Congo, Rep.",COG,"Mortality rate, under-5 (per 1,000 live births)",SH.DYN.MORT,114.0,110.9,106.0,99.9,92.9,85.9,79.3,73.5,68.6,64.9,62.2,60.3,58.8,57.4,55.9,54.2,52.6,50.9,49.3,47.8
45,Colombia,COL,"Mortality rate, under-5 (per 1,000 live births)",SH.DYN.MORT,24.9,24.1,23.4,22.7,22.1,21.5,20.8,20.2,19.6,19.0,18.4,17.8,17.2,16.7,16.1,15.6,15.1,14.7,14.2,13.8
46,Comoros,COM,"Mortality rate, under-5 (per 1,000 live births)",SH.DYN.MORT,100.4,99.9,99.6,99.0,98.0,96.3,94.2,91.8,89.4,86.9,84.4,81.6,79.1,76.8,74.3,71.9,69.5,67.3,65.1,62.9
47,Cabo Verde,CPV,"Mortality rate, under-5 (per 1,000 live births)",SH.DYN.MORT,38.1,34.5,31.7,29.8,28.7,28.1,27.9,27.7,27.5,27.0,26.3,25.2,23.9,22.5,21.0,19.5,18.1,16.8,15.8,14.9
48,Costa Rica,CRI,"Mortality rate, under-5 (per 1,000 live births)",SH.DYN.MORT,13.1,12.6,12.1,11.8,11.5,11.3,11.2,11.1,10.9,10.7,10.5,10.2,9.9,9.6,9.3,9.0,8.9,8.8,8.7,8.6
49,Caribbean small states,CSS,"Mortality rate, under-5 (per 1,000 live births)",SH.DYN.MORT,26.68043488,26.07407089,25.5203313,25.00073302,24.48816361,24.03381463,23.58504851,23.13029257,22.66791682,22.17201272,21.65641647,21.11840564,20.62433435,20.08742147,19.56045236,18.94872831,18.42019562,17.86818017,17.35797697,16.83266427
50,Cuba,CUB,"Mortality rate, under-5 (per 1,000 live births)",SH.DYN.MORT,8.8,8.4,8.1,7.8,7.6,7.3,7.1,6.9,6.7,6.5,6.3,6.1,6.0,5.8,5.7,5.6,5.5,5.3,5.2,5.1
53,Cyprus,CYP,"Mortality rate, under-5 (per 1,000 live births)",SH.DYN.MORT,6.6,6.2,5.9,5.5,5.2,4.9,4.6,4.3,4.0,3.8,3.5,3.3,3.2,3.0,2.9,2.7,2.6,2.5,2.4,2.3
54,Czech Republic,CZE,"Mortality rate, under-5 (per 1,000 live births)",SH.DYN.MORT,5.5,5.2,5.0,4.8,4.6,4.3,4.1,3.9,3.7,3.5,3.4,3.3,3.2,3.1,3.1,3.2,3.2,3.2,3.2,3.2
55,Germany,DEU,"Mortality rate, under-5 (per 1,000 live births)",SH.DYN.MORT,5.4,5.2,5.1,5.0,4.9,4.7,4.6,4.5,4.4,4.3,4.2,4.1,4.0,4.0,3.9,3.9,3.9,3.9,3.9,3.8
56,Djibouti,DJI,"Mortality rate, under-5 (per 1,000 live births)",SH.DYN.MORT,101.1,98.8,96.4,93.8,91.3,88.7,86.2,83.7,81.2,78.8,76.4,74.1,71.8,69.6,67.5,65.3,63.2,61.3,59.3,57.5
57,Dominica,DMA,"Mortality rate, under-5 (per 1,000 live births)",SH.DYN.MORT,17.0,17.4,17.8,18.4,19.0,19.7,20.5,21.3,22.3,23.3,24.5,25.7,26.9,28.2,29.6,30.9,32.1,33.2,34.0,34.7
58,Denmark,DNK,"Mortality rate, under-5 (per 1,000 live births)",SH.DYN.MORT,5.7,5.6,5.5,5.4,5.2,5.0,4.8,4.5,4.4,4.2,4.1,4.1,4.1,4.1,4.1,4.1,4.1,4.0,3.9,3.8
59,Dominican Republic,DOM,"Mortality rate, under-5 (per 1,000 live births)",SH.DYN.MORT,40.7,39.6,38.7,37.8,37.1,36.5,36.0,35.5,35.0,34.5,34.1,33.7,33.3,32.7,32.1,31.3,30.5,29.7,28.8,28.0
60,Algeria,DZA,"Mortality rate, under-5 (per 1,000 live births)",SH.DYN.MORT,39.7,38.9,37.8,36.5,35.1,33.6,32.1,30.8,29.5,28.4,27.4,26.7,26.2,25.8,25.5,25.2,24.8,24.3,23.8,23.3
61,East Asia & Pacific (excluding high income),EAP,"Mortality rate, under-5 (per 1,000 live births)",SH.DYN.MORT,41.89169579,39.55957974,37.18267673,34.86115547,33.71528721,30.71113083,28.87619014,27.23334863,26.44804807,24.34995927,23.06559649,21.8584887,20.73871993,19.71349497,18.77142735,17.87485045,17.04951092,16.31242416,15.60456944,14.96584221
62,Early-demographic dividend,EAR,"Mortality rate, under-5 (per 1,000 live births)",SH.DYN.MORT,78.81799548,75.70070159999999,72.60350273,69.66858424,67.2663019,64.05945524,61.38612225,58.68847029,56.36102238,53.36299521,51.31789866,48.38615846,46.12745398,44.05228348,42.07655526,40.27235301,38.54734642,36.90962381,35.40070285,33.97892772
63,East Asia & Pacific,EAS,"Mortality rate, under-5 (per 1,000 live births)",SH.DYN.MORT,39.4,37.3,35.1,33.0,31.9,29.1,27.4,25.8,25.1,23.1,21.9,20.7,19.7,18.7,17.8,17.0,16.2,15.5,14.9,14.3
64,Europe & Central Asia (excluding high income),ECA,"Mortality rate, under-5 (per 1,000 live births)",SH.DYN.MORT,35.63792607,33.42127129,31.23520836,29.13116227,27.22378438,25.397413600000004,23.71305895,22.19542767,20.84991772,19.64283392,18.57287186,17.61101968,16.69678759,15.88437489,15.00580895,14.18663854,13.39489513,12.70929649,12.07006787,11.51977984
65,Europe & Central Asia,ECS,"Mortality rate, under-5 (per 1,000 live births)",SH.DYN.MORT,21.4,20.1,18.9,17.7,16.7,15.7,14.8,14.0,13.2,12.6,12.0,11.5,11.0,10.6,10.1,9.7,9.2,8.8,8.4,8.1
66,Ecuador,ECU,"Mortality rate, under-5 (per 1,000 live births)",SH.DYN.MORT,28.9,27.3,25.9,24.8,23.7,22.7,21.8,20.9,20.0,19.1,18.3,17.5,16.7,16.1,15.5,15.1,14.8,14.5,14.3,14.0
67,"Egypt, Arab Rep.",EGY,"Mortality rate, under-5 (per 1,000 live births)",SH.DYN.MORT,46.6,43.9,41.5,39.4,37.5,35.8,34.3,32.8,31.4,30.0,28.8,27.5,26.4,25.3,24.3,23.4,22.6,21.7,21.0,20.3
68,Euro area,EMU,"Mortality rate, under-5 (per 1,000 live births)",SH.DYN.MORT,5.80203626,5.573136446,5.374977102999999,5.178853777,4.996537857,4.8168058,4.6527386239999995,4.5231195369999995,4.3829356530000005,4.301798842,4.196954545,4.092946467,4.016304765,3.9412579180000002,3.8806767019999997,3.8280639539999997,3.807364167,3.801378466,3.7861651480000003,3.741366225
69,Eritrea,ERI,"Mortality rate, under-5 (per 1,000 live births)",SH.DYN.MORT,85.4,81.2,77.4,73.9,70.6,67.6,64.7,62.0,59.5,57.3,55.2,53.2,51.3,49.5,47.9,46.3,44.8,43.3,41.9,40.5
70,Spain,ESP,"Mortality rate, under-5 (per 1,000 live births)",SH.DYN.MORT,5.4,5.3,5.1,5.0,4.9,4.7,4.5,4.4,4.2,4.0,3.8,3.7,3.6,3.5,3.4,3.3,3.2,3.2,3.2,3.1
71,Estonia,EST,"Mortality rate, under-5 (per 1,000 live births)",SH.DYN.MORT,10.9,10.1,9.2,8.5,7.8,7.1,6.5,5.9,5.4,5.0,4.6,4.2,3.9,3.6,3.4,3.1,2.9,2.7,2.6,2.4
72,Ethiopia,ETH,"Mortality rate, under-5 (per 1,000 live births)",SH.DYN.MORT,140.3,134.3,128.0,121.6,115.2,108.8,102.8,97.1,91.7,86.7,82.0,77.6,73.4,69.5,65.8,62.2,58.9,55.8,53.1,50.7
73,European Union,EUU,"Mortality rate, under-5 (per 1,000 live births)",SH.DYN.MORT,7.129409368999999,6.820368471,6.579599602999999,6.355204615,6.122916915,5.882458494,5.628990494,5.400065301000001,5.177369813,5.009895093,4.8560567919999995,4.6984246380000005,4.568614161,4.4376528539999995,4.319821512,4.216267862,4.150522844,4.098146291,4.0323241030000005,3.9502817919999997
74,Fragile and conflict affected situations,FCS,"Mortality rate, under-5 (per 1,000 live births)",SH.DYN.MORT,139.86696750000002,135.700471,131.36865790000002,127.0393285,122.68176559999999,118.45878,114.38761540000002,110.37748290000002,107.4658352,103.11632370000001,101.21385699999999,96.89263023,94.18432765,91.64446132,89.40108269,87.16931051,85.02220521,82.82369318,80.55794313,78.36610957
75,Finland,FIN,"Mortality rate, under-5 (per 1,000 live births)",SH.DYN.MORT,4.3,4.2,4.1,4.0,3.9,3.8,3.6,3.5,3.3,3.2,3.0,2.9,2.7,2.6,2.6,2.5,2.4,2.4,2.4,2.4
76,Fiji,FJI,"Mortality rate, under-5 (per 1,000 live births)",SH.DYN.MORT,22.7,22.5,22.4,22.4,22.6,23.0,23.3,23.6,23.7,23.7,23.7,23.6,23.6,23.7,24.0,24.3,24.7,25.2,25.6,25.7
77,France,FRA,"Mortality rate, under-5 (per 1,000 live births)",SH.DYN.MORT,5.4,5.2,5.1,4.9,4.7,4.6,4.5,4.4,4.3,4.3,4.3,4.2,4.2,4.1,4.1,4.1,4.2,4.3,4.4,4.5
79,"Micronesia, Fed. Sts.",FSM,"Mortality rate, under-5 (per 1,000 live births)",SH.DYN.MORT,52.6,51.5,50.4,49.1,47.6,46.2,44.8,43.4,42.0,40.7,39.4,38.1,37.0,35.9,34.8,33.7,32.5,31.5,30.5,29.4
80,Gabon,GAB,"Mortality rate, under-5 (per 1,000 live births)",SH.DYN.MORT,84.0,82.3,80.5,78.6,76.5,74.3,72.2,69.6,66.9,64.3,61.6,59.2,56.9,54.6,52.3,49.8,47.0,45.1,43.6,42.5
81,United Kingdom,GBR,"Mortality rate, under-5 (per 1,000 live births)",SH.DYN.MORT,6.5,6.4,6.3,6.2,6.1,6.0,5.9,5.8,5.6,5.4,5.2,5.0,4.8,4.7,4.5,4.5,4.4,4.4,4.3,4.3
82,Georgia,GEO,"Mortality rate, under-5 (per 1,000 live births)",SH.DYN.MORT,36.6,34.1,31.5,28.8,26.2,23.6,21.2,19.1,17.2,15.5,14.2,13.0,12.1,11.4,10.9,10.5,10.2,10.0,9.8,9.6
83,Ghana,GHA,"Mortality rate, under-5 (per 1,000 live births)",SH.DYN.MORT,99.4,95.4,91.6,88.2,85.4,82.9,80.5,78.0,75.3,72.3,69.1,65.9,62.8,59.8,57.1,54.6,52.2,50.0,48.0,46.2
85,Guinea,GIN,"Mortality rate, under-5 (per 1,000 live births)",SH.DYN.MORT,164.3,157.5,151.2,145.2,139.8,135.0,130.8,127.0,123.6,120.7,118.1,115.7,113.4,111.2,109.8,107.9,105.2,103.2,101.1,98.8
86,"Gambia, The",GMB,"Mortality rate, under-5 (per 1,000 live births)",SH.DYN.MORT,112.5,107.8,103.2,98.7,94.4,90.3,86.4,82.7,79.2,76.0,72.9,70.0,67.3,64.8,62.3,60.0,57.8,55.7,53.7,51.7
87,Guinea-Bissau,GNB,"Mortality rate, under-5 (per 1,000 live births)",SH.DYN.MORT,173.0,167.5,161.9,155.9,149.7,143.5,137.3,131.1,125.0,119.0,113.1,107.6,102.7,98.2,94.1,90.7,87.3,84.2,81.4,78.5
88,Equatorial Guinea,GNQ,"Mortality rate, under-5 (per 1,000 live births)",SH.DYN.MORT,156.3,152.1,147.7,143.3,138.8,134.3,129.7,124.9,120.3,115.8,111.7,107.9,104.2,100.7,97.4,94.0,90.8,87.7,84.7,81.8
89,Greece,GRC,"Mortality rate, under-5 (per 1,000 live births)",SH.DYN.MORT,6.4,6.0,5.6,5.2,4.9,4.6,4.3,4.1,4.0,3.9,3.9,3.9,4.0,4.2,4.3,4.4,4.4,4.3,4.0,3.8
90,Grenada,GRD,"Mortality rate, under-5 (per 1,000 live births)",SH.DYN.MORT,15.5,15.2,15.0,14.9,14.7,14.6,14.6,14.6,14.7,14.9,15.1,15.3,15.5,15.8,16.0,16.2,16.4,16.6,16.6,16.5
92,Guatemala,GTM,"Mortality rate, under-5 (per 1,000 live births)",SH.DYN.MORT,51.9,49.9,47.9,46.0,44.3,42.5,40.9,39.3,37.7,36.2,34.7,33.3,31.9,30.6,29.4,28.3,27.2,26.2,25.4,24.5
94,Guyana,GUY,"Mortality rate, under-5 (per 1,000 live births)",SH.DYN.MORT,46.3,45.2,44.1,43.1,42.2,41.3,40.4,39.6,38.8,38.0,37.3,36.5,35.7,35.0,34.1,33.1,32.2,31.2,30.3,29.3
95,High income,HIC,"Mortality rate, under-5 (per 1,000 live births)",SH.DYN.MORT,8.2,7.9,7.7,7.5,7.3,7.1,6.9,6.7,6.5,6.3,6.1,5.9,5.8,5.6,5.5,5.4,5.3,5.2,5.1,5.0
97,Honduras,HND,"Mortality rate, under-5 (per 1,000 live births)",SH.DYN.MORT,37.0,35.3,33.7,32.1,30.6,29.2,27.9,26.6,25.5,24.4,23.3,22.4,21.5,20.7,20.0,19.3,18.6,17.9,17.4,16.8
98,Heavily indebted poor countries (HIPC),HPC,"Mortality rate, under-5 (per 1,000 live births)",SH.DYN.MORT,144.03931430000003,138.63568490000003,133.0055478,127.37906159999999,121.8638882,116.60208970000001,111.6627436,106.9126983,102.4099476,98.09576973,95.51542842,90.22424875,86.56557435,83.0922059,79.92146346,76.95924183,73.96237026,71.29945197,68.78835159,66.4482726
99,Croatia,HRV,"Mortality rate, under-5 (per 1,000 live births)",SH.DYN.MORT,8.3,8.0,7.7,7.4,7.0,6.7,6.4,6.1,5.9,5.7,5.5,5.3,5.2,5.1,5.0,4.9,4.9,4.9,4.8,4.8
100,Haiti,HTI,"Mortality rate, under-5 (per 1,000 live births)",SH.DYN.MORT,103.7,100.3,97.2,94.4,91.8,89.5,87.4,85.3,83.4,81.5,207.0,77.7,75.9,74.1,72.3,70.5,68.5,66.6,64.7,62.8
101,Hungary,HUN,"Mortality rate, under-5 (per 1,000 live births)",SH.DYN.MORT,10.1,9.5,8.9,8.4,7.9,7.5,7.2,6.9,6.5,6.2,6.0,5.9,5.7,5.6,5.4,5.1,4.7,4.4,4.0,3.7
102,IBRD only,IBD,"Mortality rate, under-5 (per 1,000 live births)",SH.DYN.MORT,58.02191645,55.60592402,53.14230354,50.74693576,48.83809832,46.09125122,43.80855606,41.52012066,39.29202585,37.05896355,34.94166349,32.97028182,31.12130038,29.46836955,27.90679553,26.48662533,25.24901825,24.01504165,22.92740172,21.93931438
103,IDA & IBRD total,IBT,"Mortality rate, under-5 (per 1,000 live births)",SH.DYN.MORT,82.70671508,79.84799343,76.88211203,73.95283138,71.34694775,68.24641173,65.53582683,62.86846102,60.48348524,57.81809707,55.77651787,53.33239475,51.33433806,49.49381124,47.80898735,46.25271076,44.77926513,43.37235203,42.05624421,40.83633254
104,IDA total,IDA,"Mortality rate, under-5 (per 1,000 live births)",SH.DYN.MORT,130.5292816,126.0401688,121.43591940000002,116.8987916,112.45877879999999,108.205402,104.2430748,100.43850479999999,97.32105791,93.45235158,91.07899879,87.37476311,84.66776817,82.06047132,79.71700473,77.47942032,75.16293618,73.0068066,70.85442618,68.79670131
105,IDA blend,IDB,"Mortality rate, under-5 (per 1,000 live births)",SH.DYN.MORT,134.9898468,131.4185223,127.74783870000002,124.14804270000002,120.57385570000001,117.10520919999999,113.91166709999999,110.81411840000001,107.9295621,105.257084,102.78676120000002,100.4651695,98.36263059,96.24156251,94.40226002,92.48990138,90.52295716,88.52511885,86.26057853,84.10447243
106,Indonesia,IDN,"Mortality rate, under-5 (per 1,000 live births)",SH.DYN.MORT,52.2,49.9,47.6,45.5,49.6,41.7,40.0,38.3,36.8,35.3,33.9,32.6,31.3,30.1,28.9,27.8,26.7,25.7,24.8,23.9
107,IDA only,IDX,"Mortality rate, under-5 (per 1,000 live births)",SH.DYN.MORT,128.313995,123.3674707,118.2948244,113.28332309999999,108.39967450000002,103.73753549999999,99.36809104,95.18148144,91.9183511,87.4093819,85.05619614,80.61075126,77.56450025,74.68287848,72.06125042,69.64633478,67.14883794,64.91985081,62.84223394,60.85708601
109,India,IND,"Mortality rate, under-5 (per 1,000 live births)",SH.DYN.MORT,91.8,88.2,84.6,81.2,77.8,74.5,71.2,67.9,64.7,61.4,58.2,55.1,52.0,49.1,46.2,43.5,40.9,38.5,36.3,34.3
111,Ireland,IRL,"Mortality rate, under-5 (per 1,000 live births)",SH.DYN.MORT,7.1,6.9,6.5,6.0,5.6,5.2,4.9,4.6,4.4,4.3,4.2,4.1,4.0,3.9,3.8,3.7,3.6,3.5,3.4,3.3
112,"Iran, Islamic Rep.",IRN,"Mortality rate, under-5 (per 1,000 live births)",SH.DYN.MORT,34.3,32.4,30.6,28.9,27.3,25.9,24.5,23.1,21.8,20.7,19.7,18.8,18.0,17.3,16.7,16.1,15.5,14.9,14.4,13.9
113,Iraq,IRQ,"Mortality rate, under-5 (per 1,000 live births)",SH.DYN.MORT,44.0,43.1,42.2,41.4,40.5,39.6,38.7,37.8,36.8,35.7,34.6,33.6,32.5,31.5,30.5,29.5,28.6,27.7,26.8,25.9
114,Iceland,ISL,"Mortality rate, under-5 (per 1,000 live births)",SH.DYN.MORT,4.0,3.8,3.6,3.5,3.3,3.2,3.0,2.9,2.8,2.7,2.6,2.5,2.5,2.4,2.3,2.2,2.2,2.1,2.0,2.0
115,Israel,ISR,"Mortality rate, under-5 (per 1,000 live births)",SH.DYN.MORT,6.9,6.6,6.4,6.1,5.8,5.6,5.3,5.1,4.9,4.7,4.6,4.4,4.3,4.1,4.0,3.9,3.8,3.8,3.7,3.7
116,Italy,ITA,"Mortality rate, under-5 (per 1,000 live births)",SH.DYN.MORT,5.6,5.3,5.0,4.8,4.6,4.5,4.3,4.2,4.1,4.1,4.0,3.9,3.8,3.7,3.6,3.5,3.4,3.3,3.2,3.1
117,Jamaica,JAM,"Mortality rate, under-5 (per 1,000 live births)",SH.DYN.MORT,22.0,21.4,20.9,20.5,20.1,19.8,19.6,19.3,19.0,18.6,18.1,17.6,17.2,16.7,16.2,15.6,15.2,14.7,14.3,13.9
118,Jordan,JOR,"Mortality rate, under-5 (per 1,000 live births)",SH.DYN.MORT,26.9,26.1,25.4,24.7,24.0,23.3,22.7,22.0,21.4,20.8,20.2,19.7,19.1,18.6,18.1,17.6,17.1,16.6,16.1,15.6
119,Japan,JPN,"Mortality rate, under-5 (per 1,000 live births)",SH.DYN.MORT,4.5,4.3,4.1,4.0,3.9,3.7,3.6,3.5,3.4,3.3,3.2,3.2,3.0,2.9,2.8,2.8,2.7,2.6,2.5,2.5
120,Kazakhstan,KAZ,"Mortality rate, under-5 (per 1,000 live births)",SH.DYN.MORT,42.2,39.7,37.3,35.1,33.1,31.0,28.9,26.8,24.7,22.5,20.4,18.3,16.3,14.6,13.0,11.8,11.0,10.5,10.3,10.5
121,Kenya,KEN,"Mortality rate, under-5 (per 1,000 live births)",SH.DYN.MORT,98.5,94.2,89.9,85.5,81.1,76.5,72.3,68.3,63.9,60.3,57.9,56.0,54.6,52.8,51.3,49.6,47.8,46.4,44.6,43.2
122,Kyrgyz Republic,KGZ,"Mortality rate, under-5 (per 1,000 live births)",SH.DYN.MORT,49.7,47.4,45.1,43.1,41.1,39.3,37.5,35.8,33.8,31.6,29.5,27.7,26.1,24.7,23.5,22.3,21.2,20.1,19.2,18.3
123,Cambodia,KHM,"Mortality rate, under-5 (per 1,000 live births)",SH.DYN.MORT,106.3,96.7,86.7,77.9,70.8,64.8,59.9,55.6,51.5,47.7,44.0,40.6,37.7,35.3,33.3,31.6,30.1,28.8,27.6,26.6
124,Kiribati,KIR,"Mortality rate, under-5 (per 1,000 live births)",SH.DYN.MORT,71.0,69.1,67.5,66.4,65.9,65.8,65.9,66.1,66.0,65.4,64.5,63.2,61.9,60.5,58.9,57.4,55.8,54.1,52.5,50.9
125,St. Kitts and Nevis,KNA,"Mortality rate, under-5 (per 1,000 live births)",SH.DYN.MORT,23.8,22.7,21.6,20.7,19.8,19.1,18.6,18.1,17.9,17.6,17.5,17.4,17.4,17.3,17.1,16.9,16.6,16.2,15.8,15.4
126,"Korea, Rep.",KOR,"Mortality rate, under-5 (per 1,000 live births)",SH.DYN.MORT,7.5,7.1,6.8,6.4,6.0,5.6,5.2,4.8,4.5,4.3,4.1,4.0,3.8,3.7,3.6,3.5,3.4,3.3,3.3,3.2
127,Kuwait,KWT,"Mortality rate, under-5 (per 1,000 live births)",SH.DYN.MORT,12.4,12.1,11.9,11.8,11.6,11.4,11.2,11.1,10.9,10.7,10.4,10.0,9.6,9.3,9.0,8.7,8.5,8.3,8.1,7.9
128,Latin America & Caribbean (excluding high income),LAC,"Mortality rate, under-5 (per 1,000 live births)",SH.DYN.MORT,34.36679374,32.66949683,31.05723912,29.54973726,28.15931588,26.88668835,25.73803087,24.64284769,23.65441657,22.74959308,25.44832487,21.07946312,20.34845798,19.64198992,18.97217534,18.35177611,18.106043300000003,17.1814789,16.64626819,16.09529045
129,Lao PDR,LAO,"Mortality rate, under-5 (per 1,000 live births)",SH.DYN.MORT,106.4,102.3,98.2,94.2,90.1,86.2,82.3,78.6,74.9,71.4,68.0,64.8,61.8,58.9,56.2,53.6,51.3,49.2,47.3,45.5
130,Lebanon,LBN,"Mortality rate, under-5 (per 1,000 live births)",SH.DYN.MORT,19.8,18.6,17.5,16.3,15.2,14.1,13.1,12.2,11.4,10.8,10.3,9.8,9.4,9.0,8.7,8.3,8.0,7.7,7.4,7.2
131,Liberia,LBR,"Mortality rate, under-5 (per 1,000 live births)",SH.DYN.MORT,188.0,175.1,162.3,150.1,138.9,129.1,120.8,114.1,108.6,104.2,100.8,98.0,95.7,93.8,94.3,91.0,89.3,87.9,86.4,84.6
132,Libya,LBY,"Mortality rate, under-5 (per 1,000 live births)",SH.DYN.MORT,28.1,27.3,26.4,25.5,24.4,23.1,21.7,20.2,18.8,17.6,16.6,17.5,15.1,14.4,13.8,13.3,12.8,12.4,11.9,11.5
133,St. Lucia,LCA,"Mortality rate, under-5 (per 1,000 live births)",SH.DYN.MORT,18.5,18.4,18.4,18.4,18.5,18.6,18.7,18.8,19.0,19.2,19.5,19.7,20.0,20.3,20.6,21.0,21.3,21.7,22.0,22.3
134,Latin America & Caribbean,LCN,"Mortality rate, under-5 (per 1,000 live births)",SH.DYN.MORT,33.1,31.5,29.9,28.5,27.2,26.0,24.9,23.8,22.9,22.0,24.7,20.5,19.8,19.2,18.6,18.1,18.1,17.3,16.7,16.3
135,Least developed countries: UN classification,LDC,"Mortality rate, under-5 (per 1,000 live births)",SH.DYN.MORT,135.2546378,130.0679892,124.728729,119.4311419,114.22966070000001,109.2409408,104.5293685,99.98887616,96.41882248,91.53233267,88.92502965,84.06640865,80.66398678,77.49312225,74.62768629,72.02635367,69.34525035,66.97378941,64.80205089,62.72781126
136,Low income,LIC,"Mortality rate, under-5 (per 1,000 live births)",SH.DYN.MORT,143.6,138.1,132.5,126.9,121.4,116.2,111.2,106.5,102.0,97.7,95.6,90.1,86.6,83.3,80.4,77.6,74.7,72.2,69.9,67.6
138,Sri Lanka,LKA,"Mortality rate, under-5 (per 1,000 live births)",SH.DYN.MORT,16.5,16.0,15.5,15.1,29.1,14.2,13.5,12.9,12.4,12.0,11.6,11.2,10.6,10.0,9.3,8.7,8.2,7.8,7.4,7.1
139,Lower middle income,LMC,"Mortality rate, under-5 (per 1,000 live births)",SH.DYN.MORT,97.2,93.9,90.5,87.2,84.1,80.9,77.9,75.0,72.5,69.4,66.8,64.3,62.0,59.8,57.8,55.9,54.1,52.3,50.5,48.9
140,Low & middle income,LMY,"Mortality rate, under-5 (per 1,000 live births)",SH.DYN.MORT,83.23656605,80.33475562,77.33065137,74.37141700000001,71.74696145,68.63125439,65.91167919,63.23477225,60.83746616,58.15526465,56.0951088,53.62789142,51.60808365,49.74631425,48.04161227,46.46438053,44.95421708,43.53416587,42.20625165,40.97524316
141,Lesotho,LSO,"Mortality rate, under-5 (per 1,000 live births)",SH.DYN.MORT,106.8,109.3,110.6,111.8,112.7,113.3,113.9,111.6,110.6,103.7,97.9,96.1,95.6,94.8,94.2,94.1,90.6,88.7,86.6,86.4
142,Late-demographic dividend,LTE,"Mortality rate, under-5 (per 1,000 live births)",SH.DYN.MORT,33.5112402,31.27313905,29.01619419,26.82014748,24.98562136,22.97130476,21.30608234,19.86300523,18.57712057,17.44355017,16.40728759,15.43420912,14.542537300000003,13.73165321,12.97021109,12.2186227,11.66206178,10.95141123,10.36945279,9.85410167
143,Lithuania,LTU,"Mortality rate, under-5 (per 1,000 live births)",SH.DYN.MORT,10.7,10.3,9.9,9.5,9.3,9.0,8.6,8.0,7.3,6.7,6.1,5.6,5.2,5.0,5.0,4.9,4.7,4.4,4.0,3.7
144,Luxembourg,LUX,"Mortality rate, under-5 (per 1,000 live births)",SH.DYN.MORT,4.7,4.4,4.2,4.0,3.8,3.6,3.5,3.3,3.2,3.1,3.0,3.0,2.9,2.9,2.9,2.9,2.9,2.8,2.8,2.8
145,Latvia,LVA,"Mortality rate, under-5 (per 1,000 live births)",SH.DYN.MORT,14.2,13.3,12.6,11.9,11.2,10.5,9.8,9.3,8.8,8.3,7.8,7.3,6.6,6.0,5.5,5.0,4.5,4.2,3.9,3.6
148,Morocco,MAR,"Mortality rate, under-5 (per 1,000 live births)",SH.DYN.MORT,49.4,47.2,45.2,43.2,41.4,39.6,37.9,36.3,34.7,33.2,31.8,30.4,29.0,27.7,26.5,25.3,24.2,23.1,22.2,21.4
149,Monaco,MCO,"Mortality rate, under-5 (per 1,000 live births)",SH.DYN.MORT,5.2,5.0,4.9,4.7,4.6,4.5,4.4,4.3,4.2,4.1,4.0,3.9,3.8,3.7,3.6,3.5,3.4,3.3,3.2,3.1
150,Moldova,MDA,"Mortality rate, under-5 (per 1,000 live births)",SH.DYN.MORT,31.4,28.4,25.5,23.0,21.1,19.7,18.7,18.1,17.7,17.3,17.1,16.8,16.5,16.2,15.9,15.6,15.3,15.0,14.7,14.4
151,Madagascar,MDG,"Mortality rate, under-5 (per 1,000 live births)",SH.DYN.MORT,106.5,101.6,97.0,92.5,88.4,84.4,80.7,77.3,74.1,71.1,68.5,66.0,63.7,61.7,59.8,57.9,56.0,54.1,52.3,50.6
152,Maldives,MDV,"Mortality rate, under-5 (per 1,000 live births)",SH.DYN.MORT,38.9,34.5,30.5,27.0,26.9,21.3,19.2,17.5,16.0,14.9,13.9,13.0,12.2,11.5,10.8,10.1,9.5,8.8,8.2,7.6
153,Middle East & North Africa,MEA,"Mortality rate, under-5 (per 1,000 live births)",SH.DYN.MORT,42.3,40.4,38.5,36.8,35.2,33.6,32.1,30.7,29.4,28.2,27.2,26.4,25.7,25.1,24.5,24.0,23.4,22.8,22.4,21.9
154,Mexico,MEX,"Mortality rate, under-5 (per 1,000 live births)",SH.DYN.MORT,28.2,27.0,25.8,24.7,23.7,22.8,22.0,21.2,20.5,19.8,19.1,18.5,17.9,17.3,16.7,16.2,15.7,15.2,14.7,14.2
155,Marshall Islands,MHL,"Mortality rate, under-5 (per 1,000 live births)",SH.DYN.MORT,40.9,40.9,40.7,40.5,40.2,40.0,39.7,39.4,39.2,39.0,38.7,38.4,38.0,37.3,36.6,35.7,34.7,33.8,32.8,31.8
156,Middle income,MIC,"Mortality rate, under-5 (per 1,000 live births)",SH.DYN.MORT,73.28613785,70.61736117,67.88532778,65.22431307,62.95984149,60.09158711,57.65196208,55.24585299,53.14075863,50.65958498,48.85930885,46.55305712,44.73317204,43.06512676,41.519047,40.0938407,38.77734384,37.491787,36.28384827,35.17615137
157,North Macedonia,MKD,"Mortality rate, under-5 (per 1,000 live births)",SH.DYN.MORT,15.8,15.0,14.5,14.2,14.0,13.7,13.3,12.5,11.6,10.7,10.1,10.0,10.5,11.4,12.5,13.0,12.0,9.9,7.8,6.1
158,Mali,MLI,"Mortality rate, under-5 (per 1,000 live births)",SH.DYN.MORT,187.2,180.9,174.5,168.2,162.1,156.3,150.7,145.3,140.1,135.1,130.3,125.5,121.1,116.7,112.5,108.6,104.8,101.1,97.4,94.0
159,Malta,MLT,"Mortality rate, under-5 (per 1,000 live births)",SH.DYN.MORT,7.6,7.3,7.1,7.0,6.9,6.8,6.8,6.8,6.8,6.8,6.8,6.8,6.9,6.9,7.0,7.0,7.1,7.1,7.1,7.0
160,Myanmar,MMR,"Mortality rate, under-5 (per 1,000 live births)",SH.DYN.MORT,89.0,86.6,84.3,81.8,79.3,76.7,74.1,71.5,89.1,66.0,63.4,60.7,58.2,55.8,53.7,51.8,49.9,48.1,46.4,44.7
161,Middle East & North Africa (excluding high income),MNA,"Mortality rate, under-5 (per 1,000 live births)",SH.DYN.MORT,45.33321923,43.30310185,41.35146622,39.51053327,37.75749599,36.11212104,34.54682455,33.05654091,31.64099251,30.34867769,29.27049736,28.38680184,27.6986039,27.02396612,26.39784831,25.8853944,25.25812156,24.63441672,24.20513861,23.66332507
162,Montenegro,MNE,"Mortality rate, under-5 (per 1,000 live births)",SH.DYN.MORT,14.2,13.7,13.0,12.3,11.5,10.7,9.8,9.0,8.1,7.3,6.6,5.8,5.2,4.6,4.0,3.6,3.1,2.8,2.5,2.3
163,Mongolia,MNG,"Mortality rate, under-5 (per 1,000 live births)",SH.DYN.MORT,65.5,60.7,56.1,51.8,47.7,44.1,40.8,37.8,35.1,32.5,30.2,27.9,25.7,23.7,21.9,20.2,18.8,17.5,16.5,15.6
165,Mozambique,MOZ,"Mortality rate, under-5 (per 1,000 live births)",SH.DYN.MORT,169.7,160.6,152.2,144.7,138.0,131.9,126.2,119.3,113.2,107.7,104.9,100.4,96.3,92.3,89.3,85.4,81.8,79.4,77.0,74.2
166,Mauritania,MRT,"Mortality rate, under-5 (per 1,000 live births)",SH.DYN.MORT,112.7,112.3,111.8,111.2,110.1,108.6,106.6,104.2,101.7,99.1,96.6,93.7,90.8,88.1,85.5,82.7,80.3,77.8,75.3,72.9
167,Mauritius,MUS,"Mortality rate, under-5 (per 1,000 live births)",SH.DYN.MORT,18.8,17.5,16.6,16.0,15.7,15.6,15.4,15.2,14.9,14.6,14.5,14.7,14.9,15.0,14.8,14.5,14.5,14.9,15.4,16.0
168,Malawi,MWI,"Mortality rate, under-5 (per 1,000 live births)",SH.DYN.MORT,172.6,159.0,144.3,130.5,118.8,109.7,103.6,99.4,94.5,89.8,84.9,78.6,71.2,63.9,58.0,53.8,50.0,46.9,43.9,41.6
169,Malaysia,MYS,"Mortality rate, under-5 (per 1,000 live births)",SH.DYN.MORT,10.2,9.5,8.9,8.5,8.3,8.2,8.1,8.1,8.1,8.1,8.1,8.0,8.0,8.0,8.0,8.1,8.2,8.3,8.4,8.6
170,North America,NAC,"Mortality rate, under-5 (per 1,000 live births)",SH.DYN.MORT,8.3,8.2,8.1,8.0,7.9,7.8,7.7,7.6,7.5,7.3,7.2,7.1,6.9,6.8,6.7,6.7,6.6,6.5,6.4,6.3
171,Namibia,NAM,"Mortality rate, under-5 (per 1,000 live births)",SH.DYN.MORT,75.4,74.9,74.3,74.0,73.7,70.2,65.6,60.7,55.8,51.8,49.7,50.4,52.2,50.1,48.1,47.8,46.3,44.5,43.3,42.4
173,Niger,NER,"Mortality rate, under-5 (per 1,000 live births)",SH.DYN.MORT,224.8,215.2,204.6,193.2,181.7,170.3,159.5,149.1,139.6,130.5,122.2,114.8,108.5,103.0,98.5,94.0,90.2,86.6,83.4,80.4
174,Nigeria,NGA,"Mortality rate, under-5 (per 1,000 live births)",SH.DYN.MORT,183.1,177.7,172.0,166.4,160.8,155.5,150.6,146.0,142.2,138.8,136.0,133.6,131.7,129.9,128.5,126.8,125.0,122.8,120.0,117.2
175,Nicaragua,NIC,"Mortality rate, under-5 (per 1,000 live births)",SH.DYN.MORT,38.5,36.4,34.6,32.9,31.3,29.9,28.5,27.2,26.0,24.9,23.9,22.9,22.0,21.1,20.3,19.4,18.7,18.0,17.3,16.6
176,Netherlands,NLD,"Mortality rate, under-5 (per 1,000 live births)",SH.DYN.MORT,6.2,6.1,5.9,5.7,5.5,5.3,5.1,4.9,4.7,4.6,4.4,4.3,4.2,4.1,4.1,4.0,4.0,4.0,4.0,4.0
177,Norway,NOR,"Mortality rate, under-5 (per 1,000 live births)",SH.DYN.MORT,4.9,4.7,4.6,4.4,4.2,4.1,3.9,3.7,3.6,3.4,3.3,3.1,3.0,2.9,2.8,2.7,2.6,2.6,2.5,2.4
178,Nepal,NPL,"Mortality rate, under-5 (per 1,000 live births)",SH.DYN.MORT,81.0,76.5,72.2,68.2,64.5,61.0,57.7,54.7,51.8,49.2,46.6,44.2,42.0,39.9,37.9,36.2,34.6,33.2,31.9,30.8
179,Nauru,NRU,"Mortality rate, under-5 (per 1,000 live births)",SH.DYN.MORT,41.5,40.5,39.6,39.1,38.7,38.7,38.8,39.1,39.3,39.3,38.9,38.4,37.7,36.8,35.8,34.9,33.9,32.9,31.9,30.9
180,New Zealand,NZL,"Mortality rate, under-5 (per 1,000 live births)",SH.DYN.MORT,7.4,7.2,7.0,6.9,6.7,6.6,6.5,6.4,6.3,6.2,6.1,6.0,5.9,5.8,5.6,5.5,5.3,5.1,4.9,4.7
181,OECD members,OED,"Mortality rate, under-5 (per 1,000 live births)",SH.DYN.MORT,13.715374100000002,13.11082884,12.52045695,11.95889769,11.46834597,10.977873599999999,10.52122983,10.07839382,9.702285375,9.357513158,9.008242471,8.72890787,8.445327239,8.199401941,7.949476876,7.747924272000001,7.530502299,7.365021412999999,7.164709371,6.967966949
182,Oman,OMN,"Mortality rate, under-5 (per 1,000 live births)",SH.DYN.MORT,16.4,15.4,14.6,13.8,13.3,12.8,12.5,12.2,12.0,11.8,11.7,11.6,11.4,11.3,11.2,11.2,11.3,11.3,11.4,11.4
183,Other small states,OSS,"Mortality rate, under-5 (per 1,000 live births)",SH.DYN.MORT,88.43462785,86.73325341,84.72672876,82.66337392,80.4658627,77.63179852,74.33235335,71.20199251,68.52288938,65.22850238,62.17460751,60.14079801,58.51330525,56.69024927,55.15698269,53.68849393,52.15647792,50.85912721,49.17481411,47.72754528
184,Pakistan,PAK,"Mortality rate, under-5 (per 1,000 live births)",SH.DYN.MORT,107.5,104.7,102.2,100.0,98.0,96.1,94.4,92.7,90.9,89.1,87.1,85.0,82.9,80.6,78.3,76.1,73.8,71.6,69.4,67.2
185,Panama,PAN,"Mortality rate, under-5 (per 1,000 live births)",SH.DYN.MORT,25.9,25.4,24.7,24.1,23.5,22.9,22.3,21.7,21.0,20.5,19.9,19.3,18.7,18.1,17.5,16.9,16.4,15.9,15.3,14.9
186,Peru,PER,"Mortality rate, under-5 (per 1,000 live births)",SH.DYN.MORT,38.5,35.6,33.0,30.6,28.6,26.8,25.1,23.6,22.2,21.0,19.9,18.9,18.0,17.2,16.4,15.7,15.0,14.3,13.7,13.2
187,Philippines,PHL,"Mortality rate, under-5 (per 1,000 live births)",SH.DYN.MORT,37.7,36.9,36.3,35.6,34.9,34.2,33.6,33.1,32.6,32.1,31.7,31.3,31.0,30.6,30.2,29.8,29.3,28.7,28.0,27.3
188,Palau,PLW,"Mortality rate, under-5 (per 1,000 live births)",SH.DYN.MORT,28.8,28.2,27.6,27.0,26.5,26.0,25.5,24.9,24.3,23.6,23.0,22.3,21.6,21.0,20.4,19.7,19.1,18.5,17.9,17.3
189,Papua New Guinea,PNG,"Mortality rate, under-5 (per 1,000 live births)",SH.DYN.MORT,70.6,69.4,68.1,66.9,65.6,64.3,62.9,61.5,60.2,58.8,57.3,56.0,54.6,53.2,51.8,50.5,49.0,47.6,46.3,44.8
190,Poland,POL,"Mortality rate, under-5 (per 1,000 live births)",SH.DYN.MORT,9.3,8.8,8.4,8.1,7.8,7.6,7.3,7.0,6.7,6.3,6.0,5.7,5.4,5.2,5.0,4.8,4.7,4.6,4.5,4.4
191,Pre-demographic dividend,PRE,"Mortality rate, under-5 (per 1,000 live births)",SH.DYN.MORT,153.19555569999997,147.9230125,142.42586550000001,136.9385012,131.4935457,126.2777365,121.3547357,116.62105590000002,112.2056081,108.0486844,104.32361709999999,100.8329266,97.64239753,94.62304537,91.95397411,89.38598861,86.74655871,84.27758272,81.74649288,79.32217743
193,"Korea, Dem. People's Rep.",PRK,"Mortality rate, under-5 (per 1,000 live births)",SH.DYN.MORT,60.0,52.1,44.7,38.9,35.0,33.0,32.4,32.2,31.8,31.0,29.5,27.7,25.7,24.0,22.4,21.1,20.0,19.0,18.2,17.3
194,Portugal,PRT,"Mortality rate, under-5 (per 1,000 live births)",SH.DYN.MORT,7.2,6.6,6.1,5.5,5.0,4.6,4.4,4.2,4.0,3.9,3.8,3.7,3.7,3.6,3.6,3.6,3.6,3.6,3.7,3.7
195,Paraguay,PRY,"Mortality rate, under-5 (per 1,000 live births)",SH.DYN.MORT,33.7,32.9,32.2,31.4,30.7,30.0,29.2,28.4,27.6,26.8,26.0,25.2,24.4,23.6,22.9,22.2,21.5,20.8,20.1,19.4
196,West Bank and Gaza,PSE,"Mortality rate, under-5 (per 1,000 live births)",SH.DYN.MORT,30.0,29.1,28.3,27.6,26.8,26.1,25.4,24.8,24.2,23.6,23.2,22.8,22.4,22.1,21.8,21.4,21.0,20.5,19.9,19.4
197,Pacific island small states,PSS,"Mortality rate, under-5 (per 1,000 live births)",SH.DYN.MORT,29.00486679,28.5876153,28.26298439,28.01432675,27.88666727,27.889411600000003,27.84652838,27.80043258,27.647783399999998,27.91774412,27.150006,26.80974968,26.471563899999996,26.13475801,25.80534,25.45779551,25.08561537,24.7786557,24.39511125,23.93314328
198,Post-demographic dividend,PST,"Mortality rate, under-5 (per 1,000 live births)",SH.DYN.MORT,7.301155714,7.101225575,6.9196381989999995,6.7534886279999995,6.628708763,6.462981435,6.311285411,6.134606034,5.986698934,5.851707741,5.6787810510000005,5.554695571,5.418270325,5.300532823999999,5.194392818,5.116796971,5.032123274,4.995668931,4.921064962,4.8523618410000005
200,Qatar,QAT,"Mortality rate, under-5 (per 1,000 live births)",SH.DYN.MORT,12.5,12.0,11.6,11.2,10.8,10.4,10.1,9.8,9.6,9.3,9.1,8.9,8.7,8.4,8.1,7.8,7.5,7.1,6.8,6.5
201,Romania,ROU,"Mortality rate, under-5 (per 1,000 live births)",SH.DYN.MORT,21.4,20.5,20.2,19.9,19.3,18.2,16.7,15.2,13.9,13.0,12.4,11.8,11.3,10.6,9.8,9.1,8.6,8.1,7.5,7.0
202,Russian Federation,RUS,"Mortality rate, under-5 (per 1,000 live births)",SH.DYN.MORT,19.3,18.3,17.2,16.0,14.9,13.8,12.8,11.9,11.2,10.7,10.4,10.1,9.8,9.5,8.9,8.2,7.5,6.9,6.3,5.8
203,Rwanda,RWA,"Mortality rate, under-5 (per 1,000 live births)",SH.DYN.MORT,178.7,166.4,152.2,137.5,122.7,109.3,97.6,87.5,78.5,70.7,63.7,57.1,52.0,47.6,44.3,41.5,39.2,37.5,35.9,34.3
204,South Asia,SAS,"Mortality rate, under-5 (per 1,000 live births)",SH.DYN.MORT,93.4,89.8,86.3,83.0,79.9,76.7,73.6,70.7,67.7,64.8,61.9,59.1,56.4,53.8,51.2,48.8,46.4,44.2,42.1,40.2
205,Saudi Arabia,SAU,"Mortality rate, under-5 (per 1,000 live births)",SH.DYN.MORT,22.0,20.7,19.5,18.4,17.4,16.4,15.4,14.5,13.6,12.7,11.9,11.1,10.4,9.7,9.1,8.4,7.9,7.4,7.0,6.6
206,Sudan,SDN,"Mortality rate, under-5 (per 1,000 live births)",SH.DYN.MORT,103.5,100.2,96.8,93.6,90.4,87.6,84.8,82.2,79.8,77.6,75.4,73.4,71.5,69.6,67.7,65.9,64.1,62.2,60.3,58.4
207,Senegal,SEN,"Mortality rate, under-5 (per 1,000 live births)",SH.DYN.MORT,129.1,122.6,115.0,107.0,99.1,91.8,85.3,79.5,74.5,70.2,66.3,63.0,60.0,57.4,55.0,52.8,50.6,48.8,47.0,45.3
208,Singapore,SGP,"Mortality rate, under-5 (per 1,000 live births)",SH.DYN.MORT,3.9,3.6,3.4,3.2,3.0,2.9,2.9,2.9,2.8,2.8,2.8,2.8,2.8,2.8,2.7,2.7,2.7,2.7,2.6,2.5
209,Solomon Islands,SLB,"Mortality rate, under-5 (per 1,000 live births)",SH.DYN.MORT,30.4,30.0,29.7,29.4,29.1,28.8,28.4,27.9,27.3,26.6,25.9,25.2,24.4,23.7,23.0,22.3,21.6,21.0,20.3,19.7
210,Sierra Leone,SLE,"Mortality rate, under-5 (per 1,000 live births)",SH.DYN.MORT,227.7,222.2,216.3,210.3,204.0,197.3,190.4,183.2,175.7,168.1,160.5,153.2,146.3,139.8,137.7,138.3,123.2,118.2,113.5,109.2
211,El Salvador,SLV,"Mortality rate, under-5 (per 1,000 live births)",SH.DYN.MORT,32.8,31.0,29.3,27.7,26.2,24.8,23.5,22.3,21.2,20.2,19.2,18.3,17.4,16.7,15.9,15.3,14.7,14.2,13.7,13.3
212,San Marino,SMR,"Mortality rate, under-5 (per 1,000 live births)",SH.DYN.MORT,6.0,5.6,5.1,4.7,4.4,4.0,3.7,3.4,3.2,2.9,2.7,2.5,2.4,2.2,2.1,2.0,1.9,1.8,1.7,1.7
213,Somalia,SOM,"Mortality rate, under-5 (per 1,000 live births)",SH.DYN.MORT,171.1,171.1,171.1,171.1,171.1,171.1,170.5,168.3,164.9,160.8,156.1,151.4,146.6,142.1,137.3,132.7,128.4,124.4,120.3,117.0
214,Serbia,SRB,"Mortality rate, under-5 (per 1,000 live births)",SH.DYN.MORT,12.7,12.2,11.5,10.5,9.7,8.9,8.4,8.1,8.0,7.8,7.6,7.4,7.1,6.9,6.6,6.3,6.0,5.8,5.5,5.3
215,Sub-Saharan Africa (excluding high income),SSA,"Mortality rate, under-5 (per 1,000 live births)",SH.DYN.MORT,150.4855941,145.3603751,139.9554903,134.541224,129.1984615,124.0268048,119.15539009999998,114.3295398,109.7191784,105.2636817,101.2035475,97.44896772,94.06605513,90.95387224,88.23267657,85.63324144,82.9901371,80.55309717,78.07680767,75.74245595
216,South Sudan,SSD,"Mortality rate, under-5 (per 1,000 live births)",SH.DYN.MORT,181.2,171.9,162.9,154.5,146.2,138.6,131.3,124.6,118.4,112.4,106.8,101.9,98.5,96.8,96.3,96.2,96.2,96.2,96.2,96.2
217,Sub-Saharan Africa,SSF,"Mortality rate, under-5 (per 1,000 live births)",SH.DYN.MORT,150.6,145.4,140.0,134.6,129.3,124.1,119.2,114.4,109.8,105.3,101.2,97.5,94.1,91.0,88.3,85.7,83.0,80.6,78.1,75.8
218,Small states,SST,"Mortality rate, under-5 (per 1,000 live births)",SH.DYN.MORT,73.76226071,72.52441397,71.06462461,69.558456,67.94122182,65.82976262,63.33197625,60.9436397,58.88187284,56.34721386,53.91067152,52.29100246,50.98964919,49.51993166,48.27420309,47.06050343,45.79875021,44.71914542,43.32424163,42.1058993
219,Sao Tome and Principe,STP,"Mortality rate, under-5 (per 1,000 live births)",SH.DYN.MORT,84.0,79.3,74.7,70.0,65.6,61.6,57.7,54.1,50.8,47.9,45.0,42.4,40.1,38.1,36.3,34.7,33.3,32.0,30.9,29.8
220,Suriname,SUR,"Mortality rate, under-5 (per 1,000 live births)",SH.DYN.MORT,31.2,30.1,29.0,28.1,27.2,26.5,25.7,25.0,24.3,23.7,23.1,22.5,21.9,21.3,20.8,20.2,19.6,19.1,18.5,18.0
221,Slovak Republic,SVK,"Mortality rate, under-5 (per 1,000 live births)",SH.DYN.MORT,9.8,9.4,9.1,8.8,8.5,8.2,7.9,7.7,7.4,7.2,7.0,6.8,6.6,6.5,6.4,6.2,6.1,6.0,5.9,5.8
222,Slovenia,SVN,"Mortality rate, under-5 (per 1,000 live births)",SH.DYN.MORT,5.5,5.2,4.9,4.7,4.4,4.2,4.0,3.8,3.6,3.4,3.2,3.1,2.9,2.8,2.6,2.5,2.4,2.3,2.2,2.1
223,Sweden,SWE,"Mortality rate, under-5 (per 1,000 live births)",SH.DYN.MORT,4.1,4.1,4.0,3.9,3.7,3.6,3.5,3.3,3.2,3.1,3.1,3.0,3.0,2.9,2.9,2.9,2.8,2.7,2.7,2.6
224,Eswatini,SWZ,"Mortality rate, under-5 (per 1,000 live births)",SH.DYN.MORT,109.7,112.8,114.6,116.0,116.7,116.7,108.8,104.9,103.0,96.7,86.6,77.0,71.0,68.0,66.9,59.2,58.9,62.3,55.3,49.4
226,Seychelles,SYC,"Mortality rate, under-5 (per 1,000 live births)",SH.DYN.MORT,13.8,13.7,13.7,13.7,13.7,13.7,13.8,13.8,13.9,14.0,14.1,14.2,14.3,14.5,14.6,14.8,14.8,14.7,14.5,14.2
227,Syrian Arab Republic,SYR,"Mortality rate, under-5 (per 1,000 live births)",SH.DYN.MORT,23.1,22.2,21.4,20.8,20.2,19.8,19.4,19.2,19.0,19.0,19.0,19.4,21.8,23.1,23.9,23.2,23.3,23.0,22.1,21.5
229,Chad,TCD,"Mortality rate, under-5 (per 1,000 live births)",SH.DYN.MORT,185.1,181.7,178.4,175.1,171.6,168.1,164.4,160.6,156.7,152.6,148.6,144.5,140.7,136.8,133.1,129.4,125.6,121.5,117.7,113.8
230,East Asia & Pacific (IDA & IBRD countries),TEA,"Mortality rate, under-5 (per 1,000 live births)",SH.DYN.MORT,41.63677411,39.38523195,37.07993901,34.80711567,33.69850562,30.68197691,28.83240317,27.17302264,26.38429122,24.27190341,22.99076623,21.79077734,20.68111383,19.66344494,18.72868654,17.83643314,17.01390516,16.27953155,15.5723458,14.93645833
231,Europe & Central Asia (IDA & IBRD countries),TEC,"Mortality rate, under-5 (per 1,000 live births)",SH.DYN.MORT,33.64800539,31.59643555,29.56606845,27.60620213,25.81922424,24.11092753,22.52910204,21.10583397,19.84737554,18.71439666,17.71646602,16.81808456,15.96127292,15.20070074,14.37340437,13.59754422,12.85055998,12.20153818,11.59502273,11.07249
232,Togo,TGO,"Mortality rate, under-5 (per 1,000 live births)",SH.DYN.MORT,117.9,114.5,111.3,108.1,104.9,101.9,99.0,96.1,93.3,90.6,88.0,85.4,82.9,80.5,78.1,75.8,73.5,71.3,69.1,66.9
233,Thailand,THA,"Mortality rate, under-5 (per 1,000 live births)",SH.DYN.MORT,22.0,20.9,19.9,19.0,18.1,17.2,16.4,15.6,14.9,14.2,13.6,13.0,12.4,11.8,11.3,10.8,10.3,9.9,9.4,9.0
234,Tajikistan,TJK,"Mortality rate, under-5 (per 1,000 live births)",SH.DYN.MORT,83.6,77.2,71.1,65.4,60.4,55.8,52.0,48.9,46.4,44.5,42.9,41.6,40.6,39.6,38.7,37.7,36.8,35.8,34.8,33.8
235,Turkmenistan,TKM,"Mortality rate, under-5 (per 1,000 live births)",SH.DYN.MORT,69.8,66.0,62.2,58.6,55.2,52.1,49.3,47.1,45.3,43.8,42.8,42.1,41.7,41.6,41.7,41.9,42.2,42.5,42.4,42.0
236,Latin America & the Caribbean (IDA & IBRD countries),TLA,"Mortality rate, under-5 (per 1,000 live births)",SH.DYN.MORT,33.42685958,31.79004451,30.2376288,28.79039059,27.44227374,26.21014135,25.09543158,24.03768819,23.10115317,22.24265698,24.74110905,20.69622706,20.02204591,19.38340072,18.77961531,18.25699011,18.28848492,17.41496429,16.90379626,16.378660500000002
237,Timor-Leste,TLS,"Mortality rate, under-5 (per 1,000 live births)",SH.DYN.MORT,108.1,102.5,97.0,91.6,86.3,81.3,76.5,72.1,68.2,64.8,61.8,59.1,56.8,54.5,52.6,50.8,49.0,47.3,45.6,44.2
238,Middle East & North Africa (IDA & IBRD countries),TMN,"Mortality rate, under-5 (per 1,000 live births)",SH.DYN.MORT,45.60493794,43.55461044,41.58172117,39.71950381,37.94850928,36.28543217,34.70395818,33.19718814,31.76658398,30.46150205,29.37100897,28.47841343,27.78467669,27.10326427,26.47135325,25.95673798,25.32572648,24.70017729,24.27399389,23.73212779
239,Tonga,TON,"Mortality rate, under-5 (per 1,000 live births)",SH.DYN.MORT,18.0,17.7,17.4,17.2,17.1,17.0,16.9,16.9,16.9,16.9,16.8,16.8,16.8,16.8,16.8,16.8,16.8,16.8,16.8,16.6
240,South Asia (IDA & IBRD),TSA,"Mortality rate, under-5 (per 1,000 live births)",SH.DYN.MORT,93.4040038,89.82305373,86.31300421,83.02928165,79.93615731,76.68788727,73.64276218,70.63556659999999,67.72430456,64.78328518,61.92325639,59.15510771,56.42511583,53.819291500000006,51.22763112,48.7942574,46.4308141,44.21332453,42.14723531,40.22383404
241,Sub-Saharan Africa (IDA & IBRD countries),TSS,"Mortality rate, under-5 (per 1,000 live births)",SH.DYN.MORT,150.477955,145.3530454,139.9484729,134.5345284,129.1920942,124.020778,119.1497094,114.32421210000001,109.7142019,105.259047,101.199229,97.44493719,94.06227854,90.95032349,88.22931973,85.63006657,82.98713148,80.5502515,78.07412136,75.73992195
242,Trinidad and Tobago,TTO,"Mortality rate, under-5 (per 1,000 live births)",SH.DYN.MORT,28.2,28.0,27.8,27.3,26.8,26.3,25.6,25.0,24.3,23.6,22.9,22.2,21.5,20.8,20.3,19.7,19.1,18.6,18.1,17.5
243,Tunisia,TUN,"Mortality rate, under-5 (per 1,000 live births)",SH.DYN.MORT,29.9,27.8,26.1,24.5,23.2,22.0,21.0,20.2,19.4,18.9,18.4,18.0,17.7,17.5,17.3,17.2,17.1,17.1,17.0,16.9
244,Turkey,TUR,"Mortality rate, under-5 (per 1,000 live births)",SH.DYN.MORT,38.6,35.9,33.3,30.8,28.6,26.5,24.5,22.7,21.1,19.6,18.2,17.0,15.8,14.8,13.8,13.0,12.1,11.4,10.7,10.0
245,Tuvalu,TUV,"Mortality rate, under-5 (per 1,000 live births)",SH.DYN.MORT,41.1,39.9,38.9,37.9,37.1,36.3,35.5,34.7,33.8,32.8,31.8,30.9,30.0,29.0,28.2,27.2,26.4,25.5,24.7,23.9
246,Tanzania,TZA,"Mortality rate, under-5 (per 1,000 live births)",SH.DYN.MORT,128.8,121.1,113.3,106.1,99.6,93.7,88.6,83.8,79.7,75.5,71.9,68.4,65.3,62.6,59.9,57.9,55.8,53.8,51.8,50.3
247,Uganda,UGA,"Mortality rate, under-5 (per 1,000 live births)",SH.DYN.MORT,146.3,139.3,131.7,123.6,115.4,107.4,100.2,93.5,87.5,82.1,77.0,72.5,67.6,63.3,59.4,56.1,52.8,50.2,48.0,45.8
248,Ukraine,UKR,"Mortality rate, under-5 (per 1,000 live births)",SH.DYN.MORT,18.3,17.5,16.7,15.9,15.2,14.5,13.9,13.4,12.9,12.3,11.7,11.2,10.7,10.2,9.8,9.5,9.2,8.9,8.6,8.4
249,Upper middle income,UMC,"Mortality rate, under-5 (per 1,000 live births)",SH.DYN.MORT,36.9,35.0,33.0,31.1,30.1,27.7,26.1,24.6,23.2,21.8,20.5,19.3,18.3,17.4,16.6,15.8,15.2,14.5,13.9,13.3
250,Uruguay,URY,"Mortality rate, under-5 (per 1,000 live births)",SH.DYN.MORT,17.0,16.5,16.2,15.7,15.1,14.3,13.5,12.6,11.9,11.2,10.7,10.3,9.9,9.6,9.2,8.8,8.4,8.0,7.5,7.1
251,United States,USA,"Mortality rate, under-5 (per 1,000 live births)",SH.DYN.MORT,8.4,8.3,8.2,8.1,8.1,8.0,7.9,7.7,7.6,7.5,7.3,7.2,7.1,7.0,6.9,6.8,6.7,6.7,6.6,6.5
252,Uzbekistan,UZB,"Mortality rate, under-5 (per 1,000 live births)",SH.DYN.MORT,62.0,59.2,56.1,53.1,50.1,47.1,44.2,41.3,38.5,35.9,33.3,30.9,28.6,26.6,24.6,22.8,21.1,19.6,18.4,17.4
253,St. Vincent and the Grenadines,VCT,"Mortality rate, under-5 (per 1,000 live births)",SH.DYN.MORT,22.2,22.0,21.9,21.7,21.6,21.5,21.3,21.1,20.7,20.3,19.8,19.2,18.6,18.0,17.4,16.8,16.2,15.6,15.1,14.6
254,"Venezuela, RB",VEN,"Mortality rate, under-5 (per 1,000 live births)",SH.DYN.MORT,21.6,20.9,20.3,19.8,19.1,18.5,17.9,17.4,17.2,17.0,17.1,17.2,17.3,17.6,18.0,19.1,24.2,24.2,24.2,24.2
257,Vietnam,VNM,"Mortality rate, under-5 (per 1,000 live births)",SH.DYN.MORT,29.7,28.5,27.3,26.4,25.6,24.9,24.3,23.9,23.5,23.1,22.9,22.6,22.3,22.1,21.8,21.5,21.2,20.8,20.4,19.9
258,Vanuatu,VUT,"Mortality rate, under-5 (per 1,000 live births)",SH.DYN.MORT,28.3,28.2,28.2,28.2,28.3,28.5,28.7,28.9,29.1,29.4,29.6,29.7,29.8,29.6,29.2,28.7,28.0,27.3,26.6,25.9
259,World,WLD,"Mortality rate, under-5 (per 1,000 live births)",SH.DYN.MORT,75.8,73.2,70.5,67.8,65.4,62.6,60.1,57.7,55.5,53.1,51.2,49.0,47.2,45.5,44.0,42.6,41.3,40.0,38.8,37.7
260,Samoa,WSM,"Mortality rate, under-5 (per 1,000 live births)",SH.DYN.MORT,20.7,20.1,19.5,19.1,18.8,18.7,18.6,18.6,18.6,24.0,18.4,18.2,18.0,17.7,17.3,16.9,16.4,16.0,15.5,15.0
262,"Yemen, Rep.",YEM,"Mortality rate, under-5 (per 1,000 live births)",SH.DYN.MORT,94.8,90.1,85.3,80.7,76.4,72.3,68.3,64.5,61.0,57.9,56.0,55.2,55.0,55.0,55.2,57.1,56.8,57.0,58.5,58.4
263,South Africa,ZAF,"Mortality rate, under-5 (per 1,000 live births)",SH.DYN.MORT,71.1,73.0,74.4,76.0,78.1,79.1,79.4,75.3,68.7,59.8,51.2,44.8,40.9,39.2,38.1,37.1,36.2,35.6,35.0,34.5
264,Zambia,ZMB,"Mortality rate, under-5 (per 1,000 live births)",SH.DYN.MORT,152.1,143.6,133.9,124.2,114.8,106.3,99.0,93.6,88.9,84.0,79.6,77.2,75.1,72.5,69.8,68.5,66.5,64.3,63.3,61.7
265,Zimbabwe,ZWE,"Mortality rate, under-5 (per 1,000 live births)",SH.DYN.MORT,92.7,91.3,90.7,90.6,91.3,92.2,94.3,95.3,94.6,92.1,87.6,81.4,73.8,67.8,64.4,62.0,59.5,58.2,55.9,54.6
